ENCODE_year,SampleType,TissueType,BroaderTissueType,Sex,Age,miRNA_ENCODE_Experiment_ID,miRNA_ENCODE_Library_ID,ENCODE_Biosample_ID,miRNA_ENCODE_Data_ID,Isogenic_replicate,Technical_replicate,Notebook_ID,Matched_PacBio,Matched_Illumina,PB_ENCODE_Experiment_ID,PB_ENCODE_Library_ID,PB_ENCODE_Data_ID,PB_ENCODE_GTF_ID,PB_ENCODE_BAM_ID,Illumina_ENCODE_Experiment_ID,Illumina_ENCODE_Library_ID,Illumina_ENCODE_Data_ID
3,Tissue,Heart_LeftVentricle,Heart,Female,Adult,ENCSR705STY,ENCLB409AIE,ENCBS361CPX,ENCFF855XWL,1,1,NA,No,No,NA,NA,NA,NA,NA,NA,NA,NA
3,Tissue,Heart_LeftVentricle,Heart,Female,Adult,ENCSR705STY,ENCLB423NSB,ENCBS969RHA,ENCFF394ILT,2,1,NA,No,No,NA,NA,NA,NA,NA,NA,NA,NA
3,Tissue,Heart_LeftVentricle,Heart,Female,Adult,ENCSR688RNO,ENCLB545AQM,ENCBS504IQD,ENCFF753UVR,1,1,NA,Yes,No,ENCSR194YUY,ENCLB452TKV,ENCFF391PKR,ENCFF575TKT,ENCFF989FKA,NA,NA,NA
3,Tissue,Heart_LeftVentricle,Heart,Female,Adult,ENCSR688RNO,ENCLB582GRG,ENCBS156VIV,ENCFF423HWS,2,1,NA,No,No,NA,NA,NA,NA,NA,NA,NA,NA
4,Tissue,Heart_LeftVentricle,Heart,Female,Adult,ENCSR482MHU,ENCLB843RZV,ENCBS692CKU,ENCFF428XME,1,1,ENC4_33,Yes,Yes,ENCSR575LWI,ENCLB921WJD,ENCFF304FFP,ENCFF010KII,ENCFF437SYY,ENCSR900FUP,ENCLB220BTD,Waiting
4,Tissue,Heart_LeftVentricle,Heart,Male,Adult,ENCSR249SPI,ENCLB515MQX,ENCBS756BZF,ENCFF827OWX,1,1,ENC4_53,Yes,Yes,Waiting,Waiting,Waiting,Waiting,Waiting,ENCSR924MSZ,ENCLB961HOZ,Waiting
4,Tissue,Heart_LeftVentricle,Heart,Female,Adult,ENCSR792MDW,ENCLB191UFL,ENCBS504IQD,ENCFF119HDC,1,1,ENTEX_105,Yes,No,ENCSR194YUY,ENCLB452TKV,ENCFF391PKR,ENCFF575TKT,ENCFF147OYL,NA,NA,NA
3,Tissue,AdrenalGland,AdrenalGland,Male,Adult,ENCSR160XYB,ENCLB699ZOZ,ENCBS719AMH,ENCFF424IRB,2,1,NA,No,No,NA,NA,NA,NA,NA,NA,NA,NA
3,Tissue,AdrenalGland,AdrenalGland,Male,Adult,ENCSR848SBA,ENCLB586SCU,ENCBS156HYA,ENCFF346AVD,1,1,NA,No,No,NA,NA,NA,NA,NA,NA,NA,NA
3,Tissue,AdrenalGland,AdrenalGland,Male,Adult,ENCSR848SBA,ENCLB800OXT,ENCBS636AEJ,ENCFF983TON,2,1,NA,Yes,No,ENCSR081NRO,ENCLB945ZXA,ENCFF099JWI,ENCFF838VGX,ENCFF147OYL,NA,NA,NA
4,Tissue,AdrenalGland,AdrenalGland,Female,Adult,ENCSR333JBN,ENCLB564XVL,ENCBS629ZGV,ENCFF945PKC,1,1,ENC4_29,No,Yes,NA,NA,NA,NA,NA,ENCSR763OMY,ENCLB284AGP,Waiting
4,Tissue,AdrenalGland,AdrenalGland,Male,Adult,ENCSR649MMJ,ENCLB688YIP,ENCBS061XGD,ENCFF817OKW,1,1,ENTEX_50,No,No,NA,NA,NA,NA,NA,NA,NA,NA
3,Tissue,Ovary,Ovary,Female,Adult,ENCSR782FPG,ENCLB351PNL,ENCBS988BTE,ENCFF840BXH,1,1,NA,No,No,NA,NA,NA,NA,NA,NA,NA,NA
3,Tissue,Ovary,Ovary,Female,Adult,ENCSR782FPG,ENCLB893YNM,ENCBS061XGD,ENCFF087HIG,2,1,NA,No,No,NA,NA,NA,NA,NA,NA,NA,NA
4,Tissue,Ovary,Ovary,Female,Adult,ENCSR957UVO,ENCLB838CXK,ENCBS250FEP,ENCFF517MBY,1,1,ENC4_72,Yes,Yes,Waiting,Waiting,Waiting,Waiting,Waiting,ENCSR368HRJ,ENCLB193HGX,Waiting
4,Tissue,Ovary,Ovary,Female,Adult,ENCSR224HDT,ENCLB457ZTS,ENCBS756ETL,ENCFF187MBB,1,1,ENC4_71,Yes,Yes,Waiting,Waiting,Waiting,Waiting,Waiting,ENCSR146ZLV,ENCLB832ZHL,Waiting
4,Tissue,Ovary,Ovary,Female,Adult,ENCSR684FLE,ENCLB473OCZ,ENCBS472VJA,ENCFF026RES,1,1,ENC4_35,Yes,Yes,ENCSR587WPR,ENCLB995ZQY,ENCFF396VLB,ENCFF934QOH,ENCFF644PGG,ENCSR320OTJ,ENCLB536HKF,Waiting
3,Tissue,Liver_RightLobe,Liver,Female,Adult,ENCSR875UFE,ENCLB247BIW,ENCBS594VBH,ENCFF613KZJ,1,1,NA,No,No,NA,NA,NA,NA,NA,NA,NA,NA
3,Tissue,Liver_RightLobe,Liver,Female,Adult,ENCSR875UFE,ENCLB454WLG,ENCBS688NPW,ENCFF874LJS,2,1,NA,No,No,NA,NA,NA,NA,NA,NA,NA,NA
4,Tissue,Liver_RightLobe,Liver,Female,Child,ENCSR155HYM,ENCLB094TUZ,ENCBS949OWB,ENCFF492AZH,1,1,ENC4_31,No,Yes,NA,NA,NA,NA,NA,ENCSR229LFK,ENCLB100JUC,Waiting
4,Tissue,Liver_RightLobe,Liver,Female,Adult,ENCSR895DRP,ENCLB160WSK,ENCBS823URA,ENCFF928HTH,1,1,ENC4_30,No,Yes,NA,NA,NA,NA,NA,ENCSR135IAL,ENCLB777JZD,Waiting
4,Tissue,Liver_RightLobe,Liver,Female,Adult,ENCSR783JQT,ENCLB340XRJ,ENCBS768CAB,ENCFF077WSJ,1,1,ENC4_67,No,Yes,NA,NA,NA,NA,NA,ENCSR323GUF,ENCLB596AIE,Waiting
4,Tissue,Spleen,Spleen,Female,Adult,ENCSR005GLZ,ENCLB188SQV,ENCBS078NTB,ENCFF977LKL,1,1,ENC4_69,No,Yes,NA,NA,NA,NA,NA,ENCSR258ELN,ENCLB616QXD,Waiting
4,Tissue,Spleen,Spleen,Female,Adult,ENCSR678BDA,ENCLB119SKB,ENCBS411TAI,ENCFF564OCC,1,1,ENC4_34,Yes,Yes,Waiting,Waiting,Waiting,Waiting,Waiting,ENCSR621PZI,ENCLB387VTO,Waiting
4,Tissue,Spleen,Spleen,Female,Adult,ENCSR086SWA,ENCLB102UIZ,ENCBS150YMA,ENCFF811GWB,1,1,ENC4_70,No,Yes,NA,NA,NA,NA,NA,ENCSR096LTX,ENCLB674YYK,Waiting
4,Tissue,Heart_Aorta,Heart,Female,Adult,ENCSR812JKX,ENCLB526KVI,ENCBS481ZAB,ENCFF622GIX,1,1,ENC4_88,Yes,Yes,Waiting,Waiting,Waiting,Waiting,Waiting,ENCSR185TQB,ENCLB064RTV,Waiting
4,Tissue,Heart_Aorta,Heart,Female,Adult,ENCSR586WVD,ENCLB905SXI,ENCBS759AII,ENCFF141QVV,1,1,ENC4_103,Yes,Yes,ENCSR425HFS,ENCLB327LXM,ENCFF138OIV,ENCFF796WTV,ENCFF745HHL,ENCSR377FPC,ENCLB041VMR,Waiting
3,Tissue,Pancreas_Body,Pancreas,Male,Adult,ENCSR723WQE,ENCLB912ZDT,ENCBS126RDV,ENCFF437SBD,1,1,NA,No,No,NA,NA,NA,NA,NA,NA,NA,NA
3,Tissue,Pancreas_Body,Pancreas,Male,Adult,ENCSR723WQE,ENCLB434NPL,ENCBS213PZE,ENCFF702OQW,2,1,NA,No,No,NA,NA,NA,NA,NA,NA,NA,NA
3,Tissue,Pancreas_Body,Pancreas,Male,Adult,ENCSR400OKQ,ENCLB411BPZ,ENCBS953BPT,ENCFF296NWQ,1,1,NA,No,No,NA,NA,NA,NA,NA,NA,NA,NA
3,Tissue,Pancreas_Body,Pancreas,Male,Adult,ENCSR400OKQ,ENCLB511DDA,ENCBS502WML,ENCFF467YZL,2,1,NA,No,No,NA,NA,NA,NA,NA,NA,NA,NA
3,Tissue,Muscle_Skeletal,Muscle,Male,Adult,ENCSR491VSN,ENCLB979ZDU,ENCBS689LIY,ENCFF375GZN,1,1,NA,No,No,NA,NA,NA,NA,NA,NA,NA,NA
3,Tissue,Muscle_Skeletal,Muscle,Male,Adult,ENCSR491VSN,ENCLB092GNA,ENCBS178APY,ENCFF443YAW,2,1,NA,No,No,NA,NA,NA,NA,NA,NA,NA,NA
3,Tissue,Muscle_Skeletal,Muscle,Male,Adult,ENCSR292QOC,ENCLB000CEQ,ENCBS661PVF,ENCFF559ZBP,1,1,NA,No,No,NA,NA,NA,NA,NA,NA,NA,NA
3,Tissue,Muscle_Skeletal,Muscle,Male,Adult,ENCSR292QOC,ENCLB122ZPN,ENCBS884FWU,ENCFF601YUN,2,1,NA,No,No,NA,NA,NA,NA,NA,NA,NA,NA
4,Tissue,Heart_LeftAtrium,Heart,Male,Adult,ENCSR314AYC,ENCLB710XUS,ENCBS401TMR,ENCFF959RYF,1,1,ENC4_85,No,Yes,NA,NA,NA,NA,NA,ENCSR993IPO,ENCLB996WBW,Waiting
4,Tissue,Heart_LeftAtrium,Heart,Female,Adult,ENCSR454RTD,ENCLB571TRB,ENCBS034QSD,ENCFF865DDB,1,1,ENC4_60,Yes,Yes,ENCSR424QFN,ENCLB284PZZ,Waiting,Waiting,Waiting,ENCSR652PHZ,ENCLB606NCC,Waiting
4,Tissue,Colon_Left,Colon,Female,Adult,ENCSR591GQG,ENCLB460RFP,ENCBS009KPO,ENCFF567QQP,1,1,ENC4_40,No,Yes,NA,NA,NA,NA,NA,ENCSR773COB,ENCLB987WVO,Waiting
4,Tissue,Colon_Left,Colon,Female,Adult,ENCSR152XXM,ENCLB217SWL,ENCBS908TVF,ENCFF075BWE,1,1,ENC4_87,Yes,Yes,Waiting,Waiting,Waiting,Waiting,Waiting,ENCSR759TPN,ENCLB227NJL,Waiting
4,Tissue,Lung_Left,Lung,Male,Adult,ENCSR151ZUP,ENCLB429RSD,ENCBS420JRY,ENCFF434PBY,1,1,ENC4_81,Yes,Yes,ENCSR426KOP,ENCLB355PRN,ENCFF494EBW,ENCFF453WFA,ENCFF757LOZ,ENCSR816HLU,ENCLB526BGX,Waiting
4,Tissue,Lung_Left,Lung,Female,Child,ENCSR183LLK,ENCLB742FBK,ENCBS725WGH,ENCFF785XEV,1,1,ENC4_79,Yes,Yes,ENCSR746ITG,ENCLB849DQR,ENCFF112ZCW,ENCFF024FNJ,ENCFF809QBD,ENCSR410MSS,ENCLB142OZC,Waiting
3,Tissue,Skin_Leg,Skin,Male,Adult,ENCSR219YHR,ENCLB093OXX,ENCBS602BLH,ENCFF470PDD,1,1,NA,No,No,NA,NA,NA,NA,NA,NA,NA,NA
3,Tissue,Skin_Leg,Skin,Male,Adult,ENCSR219YHR,ENCLB802MIH,ENCBS488XGK,ENCFF995TKW,2,1,NA,No,No,NA,NA,NA,NA,NA,NA,NA,NA
3,Tissue,Skin_Leg,Skin,Male,Adult,ENCSR819AXA,ENCLB818FSC,ENCBS926XRV,ENCFF625JKM,1,1,NA,No,No,NA,NA,NA,NA,NA,NA,NA,NA
3,Tissue,Skin_Leg,Skin,Male,Adult,ENCSR819AXA,ENCLB948WBJ,ENCBS617UGR,ENCFF463OCW,2,1,NA,No,No,NA,NA,NA,NA,NA,NA,NA,NA
4,Tissue,Lung_LowerLeft,Lung,Male,Adult,ENCSR877HZT,ENCLB912NUM,ENCBS559YLX,ENCFF645YXV,1,1,ENC4_39,Yes,Yes,Waiting,Waiting,Waiting,Waiting,Waiting,ENCSR448BTT,ENCLB429LAS,Waiting
4,Tissue,Lung_LowerLeft,Lung,Female,Adult,ENCSR183WRP,ENCLB661ESG,ENCBS231BSF,ENCFF754CFM,1,1,ENC4_80,Yes,Yes,ENCSR261GOA,ENCLB798YFL,ENCFF926LNM,ENCFF932OPV,ENCFF779VVX,ENCSR718RTN,ENCLB363FUK,Waiting
4,Tissue,Pancreas,Pancreas,Female,Adult,ENCSR001HGI,ENCLB442TVP,ENCBS193UJO,ENCFF538UNB,1,1,ENC4_37,No,Yes,NA,NA,NA,NA,NA,ENCSR579BDN,ENCLB764MAZ,Waiting
4,Tissue,Pancreas,Pancreas,Female,Adult,ENCSR701ZTJ,ENCLB236IUX,ENCBS346NXH,ENCFF889KIG,1,1,ENC4_75,No,Yes,NA,NA,NA,NA,NA,ENCSR165QTZ,ENCLB064AWH,Waiting
3,Tissue,ProstateGland,ProstateGland,Male,Adult,ENCSR373CTA,ENCLB860ZNA,ENCBS845PWD,ENCFF946HWJ,1,1,NA,No,No,NA,NA,NA,NA,NA,NA,NA,NA
3,Tissue,ProstateGland,ProstateGland,Male,Adult,ENCSR373CTA,ENCLB612UJL,ENCBS940OCV,ENCFF392GLP,2,1,NA,No,No,NA,NA,NA,NA,NA,NA,NA,NA
3,Tissue,ProstateGland,ProstateGland,Male,Adult,ENCSR185LOQ,ENCLB364UKA,ENCBS553XGK,ENCFF589FYO,1,1,NA,No,No,NA,NA,NA,NA,NA,NA,NA,NA
3,Tissue,ProstateGland,ProstateGland,Male,Adult,ENCSR185LOQ,ENCLB677CZI,ENCBS886OHA,ENCFF494FJB,2,1,NA,No,No,NA,NA,NA,NA,NA,NA,NA,NA
3,Tissue,Heart_RightAtriumAuricular,Heart,Female,Adult,ENCSR493KWZ,ENCLB892RMT,ENCBS827YEF,ENCFF067MGG,1,1,NA,No,No,NA,NA,NA,NA,NA,NA,NA,NA
3,Tissue,Heart_RightAtriumAuricular,Heart,Female,Adult,ENCSR493KWZ,ENCLB309APC,ENCBS168GTY,ENCFF729CFS,2,1,NA,No,No,NA,NA,NA,NA,NA,NA,NA,NA
3,Tissue,Heart_RightAtriumAuricular,Heart,Female,Adult,ENCSR543MWW,ENCLB242IQX,ENCBS504MQP,ENCFF385QYX,2,1,NA,No,No,NA,NA,NA,NA,NA,NA,NA,NA
4,Tissue,Heart_RightAtrium,Heart,Female,Adult,ENCSR121NOY,ENCLB720DBC,ENCBS341KAA,ENCFF905HDC,1,1,ENC4_59,Yes,Yes,Waiting,Waiting,Waiting,Waiting,Waiting,ENCSR266PVZ,ENCLB277APL,Waiting
4,Tissue,Heart_RightAtrium,Heart,Male,Adult,ENCSR495VFH,ENCLB914VDL,ENCBS271WJL,ENCFF800IDT,1,1,ENC4_58,Yes,Yes,Waiting,Waiting,Waiting,Waiting,Waiting,ENCSR853TXT,ENCLB456OEV,Waiting
3,Tissue,Testis,Testis,Male,Adult,ENCSR088SDZ,ENCLB804FNJ,ENCBS288YWQ,ENCFF074PXG,1,1,NA,No,No,NA,NA,NA,NA,NA,NA,NA,NA
3,Tissue,Testis,Testis,Male,Adult,ENCSR088SDZ,ENCLB536UZP,ENCBS238DLV,ENCFF565UUV,2,1,NA,No,No,NA,NA,NA,NA,NA,NA,NA,NA
3,Tissue,Testis,Testis,Male,Adult,ENCSR915GVH,ENCLB524EML,ENCBS906LAU,ENCFF344UVE,1,1,NA,No,No,NA,NA,NA,NA,NA,NA,NA,NA
3,Tissue,Testis,Testis,Male,Adult,ENCSR915GVH,ENCLB955HCC,ENCBS653SLC,ENCFF614WZC,2,1,NA,No,No,NA,NA,NA,NA,NA,NA,NA,NA
3,Tissue,ThyroidGland,ThyroidGland,Male,Adult,ENCSR566RDG,ENCLB816BUM,ENCBS504VQX,ENCFF611QTT,1,1,NA,No,No,NA,NA,NA,NA,NA,NA,NA,NA
3,Tissue,ThyroidGland,ThyroidGland,Male,Adult,ENCSR566RDG,ENCLB658GGD,ENCBS182ITA,ENCFF873NQS,2,1,NA,No,No,NA,NA,NA,NA,NA,NA,NA,NA
3,Tissue,ThyroidGland,ThyroidGland,Male,Adult,ENCSR281KFH,ENCLB057VXY,ENCBS018WOC,ENCFF682HIM,1,1,NA,No,No,NA,NA,NA,NA,NA,NA,NA,NA
3,Tissue,Uterus,Uterus,Female,Adult,ENCSR550GPA,ENCLB781IOM,ENCBS133MAA,ENCFF730IMW,1,1,NA,No,No,NA,NA,NA,NA,NA,NA,NA,NA
3,Tissue,Uterus,Uterus,Female,Adult,ENCSR550GPA,ENCLB310MTK,ENCBS171SNZ,ENCFF018VLM,2,1,NA,No,No,NA,NA,NA,NA,NA,NA,NA,NA
3,Tissue,Uterus,Uterus,Female,Adult,ENCSR240RLZ,ENCLB005PPB,ENCBS084QBB,ENCFF021WXP,1,1,NA,No,No,NA,NA,NA,NA,NA,NA,NA,NA
3,Tissue,Uterus,Uterus,Female,Adult,ENCSR240RLZ,ENCLB684TOH,ENCBS057LPE,ENCFF545SIA,2,1,NA,No,No,NA,NA,NA,NA,NA,NA,NA,NA
3,Tissue,Vagina,Vagina,Female,Adult,ENCSR913DCT,ENCLB238ULW,ENCBS402XXG,ENCFF755NNR,1,1,NA,No,No,NA,NA,NA,NA,NA,NA,NA,NA
3,Tissue,Vagina,Vagina,Female,Adult,ENCSR913DCT,ENCLB303ZFX,ENCBS738IGW,ENCFF253JUY,2,1,NA,No,No,NA,NA,NA,NA,NA,NA,NA,NA
3,Tissue,Vagina,Vagina,Female,Adult,ENCSR674ESK,ENCLB507HTT,ENCBS464ZLQ,ENCFF688ZST,1,1,NA,No,No,NA,NA,NA,NA,NA,NA,NA,NA
3,Tissue,Vagina,Vagina,Female,Adult,ENCSR674ESK,ENCLB946BTY,ENCBS156MDB,ENCFF837PEP,2,1,NA,No,No,NA,NA,NA,NA,NA,NA,NA,NA
4,Tissue,Heart_RightVentricleInferior,Heart,Male,Adult,ENCSR026WQC,ENCLB840LHK,ENCBS705XRW,ENCFF006ELI,1,1,ENC4_57,Yes,Yes,Waiting,Waiting,Waiting,Waiting,Waiting,ENCSR015PUN,ENCLB391UJF,Waiting
4,Tissue,Heart_RightVentricleSuperior,Heart,Male,Adult,ENCSR064DFT,ENCLB535CWS,ENCBS580WTV,ENCFF461VEI,1,1,ENC4_56,Yes,Yes,Waiting,Waiting,Waiting,Waiting,Waiting,ENCSR132VGJ,ENCLB193OBD,Waiting
4,Tissue,Heart_Septum,Heart,Female,Adult,ENCSR373HRP,ENCLB642MSL,ENCBS731WFT,ENCFF850VDF,1,1,ENC4_92,Yes,Yes,Waiting,Waiting,Waiting,Waiting,Waiting,ENCSR818DBU,ENCLB978KYZ,Waiting
4,Tissue,Colon_Mucosa,Colon,Female,Adult,ENCSR128VGG,ENCLB071LJZ,ENCBS205RQN,ENCFF538RSM,1,1,ENC4_38,No,Yes,NA,NA,NA,NA,NA,ENCSR202OWR,ENCLB273OUK,Waiting
4,Tissue,Kidney,Kidney,Female,Adult,ENCSR272WXU,ENCLB073WKA,ENCBS305JCM,ENCFF399REE,1,1,ENC4_42,Yes,Yes,Waiting,Waiting,Waiting,Waiting,Waiting,ENCSR892LBU,ENCLB768WIQ,Waiting
4,Tissue,Heart_LeftVentricleInferior,Heart,Male,Adult,ENCSR122DIB,ENCLB071PGB,ENCBS735OAR,ENCFF062GEP,1,1,ENC4_55,Yes,Yes,Waiting,Waiting,Waiting,Waiting,Waiting,ENCSR516TTH,ENCLB856JHU,Waiting
4,Tissue,Heart_LeftVentricleSuperior,Heart,Male,Adult,ENCSR200VKZ,ENCLB620QPX,ENCBS165LTN,ENCFF434PFO,1,1,ENC4_54,Yes,Yes,Waiting,Waiting,Waiting,Waiting,Waiting,ENCSR876TAN,ENCLB307NGV,Waiting
4,Tissue,Lung_LowerRight,Lung,Male,Adult,ENCSR763RNR,ENCLB741TXH,ENCBS870VUM,ENCFF080DVI,1,1,ENC4_83,Yes,Yes,Waiting,Waiting,Waiting,Waiting,Waiting,ENCSR825UXP,ENCLB338PMP,Waiting
4,Tissue,MesentericFatPad,MesentericFatPad,Female,Adult,ENCSR796JPP,ENCLB951HLN,ENCBS232CCX,ENCFF141FGO,1,1,ENC4_93,Yes,Yes,ENCSR648QZP,ENCLB350ULX,ENCFF704ZHX,ENCFF248XYR,ENCFF971JDY,ENCSR838XNO,ENCLB326WAQ,Waiting
4,Tissue,Colon_Mucosa,Colon,Female,Adult,ENCSR664CDH,ENCLB747TVX,ENCBS825BLU,ENCFF513ONW,1,1,ENC4_78,Yes,Yes,ENCSR803XXZ,ENCLB620TRY,ENCFF875MQS,ENCFF099CDN,ENCFF731THW,ENCSR184LTL,ENCSR184LTL,Waiting
4,Tissue,Heart_VenaCava,Heart,Female,Adult,ENCSR407CTE,ENCLB196KIH,ENCBS892JRQ,ENCFF101KOX,1,1,ENC4_102,Yes,Yes,ENCSR138TAS,ENCLB621EQT,ENCFF760WCA,ENCFF761TXP,ENCFF472TSL,ENCSR149AHS,ENCLB041CRT,Waiting
4,Tissue,SciaticNerve,SciaticNerve,Female,Adult,ENCSR070KPQ,ENCLB995EIO,ENCBS402EUY,ENCFF794XRI,1,1,ENC4_94,No,Yes,NA,NA,NA,NA,NA,ENCSR631NUQ,ENCLB923OCX,Waiting
4,Tissue,Lung_UpperRight,Lung,Male,Adult,ENCSR637DRN,ENCLB475IUW,ENCBS496CPG,ENCFF354BKY,1,1,ENC4_82,Yes,Yes,Waiting,Waiting,Waiting,Waiting,Waiting,ENCSR816IZA,ENCLB286WHW,Waiting
4,CellLine,Lymphoblastoid_GM12878,Lymphoblastoid,Female,NA,ENCSR466AZX,ENCLB416JYO,ENCBS975OUN,ENCFF697HYA,1,1,ENC4_176,Yes,Yes,Waiting,Waiting,Waiting,Waiting,Waiting,ENCSR151NGC,ENCLB994RBL,Waiting
4,CellLine,Lymphoblastoid_GM12878,Lymphoblastoid,Female,NA,ENCSR770HBF,ENCLB298VOK,ENCBS771XJW,ENCFF343RGE,1,1,NA,Yes,No,Waiting,Waiting,Waiting,Waiting,Waiting,NA,NA,NA
4,CellLine,Lymphoblastoid_GM12878,Lymphoblastoid,Female,NA,ENCSR770HBF,ENCLB318HJU,ENCBS609AMN,ENCFF652ODI,2,1,NA,Yes,No,Waiting,Waiting,Waiting,Waiting,Waiting,NA,NA,NA
3,CellLine,iPSC_PGP1,iPSC,Male,Adult,ENCSR958UOC,ENCLB781RZI,ENCBS373AAA,ENCFF375BRV,1,1,NA,No,Yes,NA,NA,NA,NA,NA,ENCSR722POQ,ENCLB011LRE,ENCFF586EAG
3,CellLine,iPSC_PGP1,iPSC,Male,Adult,ENCSR958UOC,ENCLB840TKN,ENCBS368AAA,ENCFF985RQJ,2,1,NA,No,Yes,NA,NA,NA,NA,NA,ENCSR722POQ,ENCLB204CIK,ENCFF437ECY
4,CellLine,iPSC_PGP1,iPSC,Male,Adult,ENCSR804CAP,ENCLB866KYZ,ENCBS155WDP,ENCFF330FJJ,1,1,ENC4_95,Yes,Yes,ENCSR676IWT,ENCLB266AQD,ENCFF674UAX,ENCFF336QPS,ENCFF049QGQ,ENCSR379DEC,ENCLB723FTY,Waiting
4,CellLine,iPSC_PGP1,iPSC,Male,Adult,ENCSR804CAP,ENCLB595LKS,ENCBS155WDP,ENC4_96,1,2,ENC4_96,Yes,Yes,ENCSR676IWT,ENCLB644KMO,ENCFF601XDB,ENCFF115SIQ,ENCFF846YHI,ENCSR379DEC,ENCLB643FCN,Waiting
3,CellLine,hESC_H1,hESC,Male,Embryo,ENCSR430YFL,ENCLB323PIN,ENCBS716AAA,ENCFF404KPA,1,1,NA,No,No,NA,NA,NA,NA,NA,NA,NA,NA
3,CellLine,hESC_H1,hESC,Male,Embryo,ENCSR430YFL,ENCLB501BZS,ENCBS051SJH,ENCFF849AXD,2,1,NA,No,No,NA,NA,NA,NA,NA,NA,NA,NA
4,CellLine,hESC_H1,hESC,Male,Embryo,ENCSR588ZRK,ENCLB806VWW,ENCBS584QDY,ENCFF165FED,1,1,ENC4_104,No,Yes,NA,NA,NA,NA,NA,ENCSR895ZTB,ENCLB619SMO,Waiting
4,CellLine,hESC_H1,hESC,Male,Embryo,ENCSR588ZRK,ENCLB498EYU,ENCBS287SWH,ENCFF379DIZ,2,1,ENC4_105,No,Yes,NA,NA,NA,NA,NA,ENCSR895ZTB,ENCLB479PKD,Waiting
4,CellLine,hESC_H1,hESC,Male,Embryo,ENCSR588ZRK,ENCLB004BYK,ENCBS719XQC,ENCFF851ANC,3,1,ENC4_106,No,Yes,NA,NA,NA,NA,NA,ENCSR712GOC,ENCLB218WME,Waiting
3,CellLine,ColonCancer_HCT116,ColonCancer,Male,Adult,ENCSR650SEP,ENCLB215EDP,ENCBS009DQE,ENCFF572XTJ,1,1,NA,No,No,NA,NA,NA,NA,NA,NA,NA,NA
3,CellLine,ColonCancer_HCT116,ColonCancer,Male,Adult,ENCSR650SEP,ENCLB221LTL,ENCBS004UZY,ENCFF154DXX,2,1,NA,No,No,NA,NA,NA,NA,NA,NA,NA,NA
4,CellLine,ColonCancer_HCT116,ColonCancer,Male,Adult,ENCSR436ZRS,ENCLB847MTT,ENCBS375FZQ,ENCFF025FWJ,1,1,ENC4_172,Yes,Yes,Waiting,Waiting,Waiting,Waiting,Waiting,ENCSR698RPL,ENCLB041DJG,Waiting
4,CellLine,LiverCancer_HepG2,LiverCancer,Male,Child,ENCSR201MAS,ENCLB418RFI,ENCBS365LJQ,ENCFF029ISG,1,1,ENC4_177,Yes,Yes,Waiting,Waiting,Waiting,Waiting,Waiting,ENCSR245ATJ,ENCLB732LUH,Waiting
4,CellLine,LiverCancer_HepG2,LiverCancer,Male,Child,ENCSR730NEO,ENCLB152MAK,ENCBS429YJD,ENCFF161OLK,1,1,NA,Yes,No,Waiting,Waiting,Waiting,Waiting,Waiting,NA,NA,NA
4,CellLine,LiverCancer_HepG2,LiverCancer,Male,Child,ENCSR730NEO,ENCLB877ZDQ,ENCBS644SVK,ENCFF671ZNH,2,1,NA,Yes,No,Waiting,Waiting,Waiting,Waiting,Waiting,NA,NA,NA
4,CellLine,Leukemia_K562,Leukemia,Female,Adult,ENCSR638BGL,ENCLB423FXU,ENCBS206PUV,ENCFF445FDO,1,1,ENC4_175,Yes,Yes,Waiting,Waiting,Waiting,Waiting,Waiting,ENCSR615EEK,ENCLB067SQT,Waiting
4,CellLine,Leukemia_K562,Leukemia,Female,Adult,ENCSR569QVM,ENCLB136UZC,ENCBS870SMK,ENCFF721EFA,1,1,NA,Yes,No,Waiting,Waiting,Waiting,Waiting,Waiting,NA,NA,NA
4,CellLine,Leukemia_K562,Leukemia,Female,Adult,ENCSR569QVM,ENCLB136UZC,ENCBS567ZFF,ENCFF467CBW,2,1,NA,Yes,No,Waiting,Waiting,Waiting,Waiting,Waiting,NA,NA,NA
3,CellLine,BreastCancer_MCF7,BreastCancer,Female,Adult,ENCSR343HIX,ENCLB357SJI,ENCBS155VQC,ENCFF102FBO,1,1,NA,No,No,NA,NA,NA,NA,NA,NA,NA,NA
3,CellLine,BreastCancer_MCF7,BreastCancer,Female,Adult,ENCSR343HIX,ENCLB235RRZ,ENCBS254AYH,ENCFF806AZX,2,1,NA,No,No,NA,NA,NA,NA,NA,NA,NA,NA
4,CellLine,BreastCancer_MCF7,BreastCancer,Female,Adult,ENCSR155IQU,ENCLB488YTB,ENCBS734JMT,ENCFF493QIX,1,1,ENC4_178,Yes,Yes,Waiting,Waiting,Waiting,Waiting,Waiting,ENCSR355JZC,ENCLB928KKR,Waiting
3,CellLine,Skin_PGP1,Skin,Male,Adult,ENCSR697KHQ,ENCLB242OXW,ENCBS367AAA,ENCFF019UKW,1,1,NA,No,Yes,NA,NA,NA,NA,NA,ENCSR797BPP,ENCLB011AUM,ENCFF092TYT
3,CellLine,Skin_PGP1,Skin,Male,Adult,ENCSR697KHQ,ENCLB561XOB,ENCBS372AAA,ENCFF416PRK,2,1,NA,No,Yes,NA,NA,NA,NA,NA,ENCSR797BPP,ENCLB099WXD,ENCFF185CZL
4,CellLine,hESC_H9,hESC,Female,Embryo,ENCSR071LFN,ENCLB401GDT,ENCBS713BMM,ENCFF249CRJ,1,1,ENC4_110,Yes,Yes,ENCSR044ARQ,ENCLB899PJH,ENCFF779DTE,ENCFF758CUO,ENCFF292UIE,NA,NA,NA
4,CellLine,hESC_H9,hESC,Female,Embryo,ENCSR071LFN,ENCLB978NVX,ENCBS654ADT,ENCFF412MPY,2,1,ENC4_111,Yes,Yes,ENCSR044ARQ,ENCLB135ADH,ENCFF028IGC,ENCFF985PMT,ENCFF738RAA,NA,NA,NA
4,CellLine,Foreskin_HFFc6,Skin,Male,Newborn,ENCSR750ZGO,ENCLB269WLX,ENCBS758GLU,ENCFF012JGW,1,1,NA,Yes,No,Waiting,Waiting,Waiting,Waiting,Waiting,NA,NA,NA
4,CellLine,Foreskin_HFFc6,Skin,Male,Newborn,ENCSR750ZGO,ENCLB347JNS,ENCBS857YWJ,ENCFF242CUN,2,1,NA,Yes,No,Waiting,Waiting,Waiting,Waiting,Waiting,NA,NA,NA
4,CellLine,Foreskin_HFFc6,Skin,Male,Newborn,ENCSR750ZGO,ENCLB380KWO,ENCBS917RBN,ENCFF827ROM,3,1,NA,Yes,No,Waiting,Waiting,Waiting,Waiting,Waiting,NA,NA,NA
4,CellLine,Leukemia_HL60,Leukemia,Female,Adult,ENCSR157VHD,ENCLB488WWC,ENCBS880XNW,ENCFF862HPX,1,1,NA,Yes,No,Waiting,Waiting,Waiting,Waiting,Waiting,NA,NA,NA
4,CellLine,Leukemia_HL60,Leukemia,Female,Adult,ENCSR157VHD,ENCLB140KJM,ENCBS698WLF,ENCFF378UCJ,2,1,NA,Yes,No,Waiting,Waiting,Waiting,Waiting,Waiting,NA,NA,NA
4,CellLine,Lung_IMR90,Lung,Female,Fetus,ENCSR123QKC,ENCLB667PFF,ENCBS648NSQ,ENCFF221TXA,1,1,ENC4_179,Yes,No,Waiting,Waiting,Waiting,Waiting,Waiting,NA,NA,NA
4,CellLine,ProstateCancer_PC3,ProstateCancer,Male,Adult,ENCSR387TQN,ENCLB666POM,ENCBS555BGE,ENCFF585ZQW,1,1,ENC4_173,Yes,Yes,Waiting,Waiting,Waiting,Waiting,Waiting,ENCSR797RXV,ENCLB351QES,Waiting
4,CellLine,PancreasCancer_Panc1,PancreasCancer,Male,Adult,ENCSR086DQY,ENCLB404OQY,ENCBS777OZT,ENCFF065WRR,1,1,ENC4_174,Yes,Yes,Waiting,Waiting,Waiting,Waiting,Waiting,ENCSR128CYL,ENCLB972WVN,Waiting
4,DifferentiatedCells,Endoderm_H1,Endoderm,Male,Embryo,ENCSR820BMF,ENCLB764YNB,ENCBS017VBO,ENCFF956BAL,1,1,ENC4_107,No,Yes,Waiting,Waiting,Waiting,Waiting,Waiting,ENCSR559HWG,ENCLB090YSX,Waiting
4,DifferentiatedCells,Endoderm_H1,Endoderm,Male,Embryo,ENCSR820BMF,ENCLB148HQN,ENCBS360LED,ENCFF385QZD,2,1,ENC4_108,No,Yes,Waiting,Waiting,Waiting,Waiting,Waiting,ENCSR559HWG,ENCLB924MDI,Waiting
4,DifferentiatedCells,Endoderm_H1,Endoderm,Male,Embryo,ENCSR820BMF,ENCLB535GAU,ENCBS251IOF,ENCFF498GDT,3,1,ENC4_109,No,Yes,Waiting,Waiting,Waiting,Waiting,Waiting,ENCSR559HWG,ENCLB814QPU,Waiting
4,DifferentiatedCells,Endoderm_H9,Endoderm,Female,Embryo,ENCSR228XLW,ENCFF498GDT,ENCBS601OTT,ENCFF991OTZ,1,1,ENC4_112,Yes,Yes,ENCSR904KAT,ENCLB042MFL,ENCFF916JXJ,ENCFF305FZC,ENCFF936VUF,ENCSR291TRJ,ENCLB595QRT,Waiting
4,DifferentiatedCells,Astrocyte_PGP1,Astrocyte,Male,Adult,ENCSR527FYM,ENCLB711NSN,ENCBS372XQF,ENCFF520TSX,1,1,ENC4_207,No,Yes,NA,NA,NA,NA,NA,ENCSR129VBC,ENCLB404DIP,Waiting
4,DifferentiatedCells,Astrocyte_PGP1,Astrocyte,Male,Adult,ENCSR527FYM,ENCLB717LVB,ENCBS100HNS,ENCFF174IVI,2,1,ENC4_208,No,Yes,NA,NA,NA,NA,NA,ENCSR129VBC,ENCLB693TEO,Waiting
3,DifferentiatedCells,NeuronBipolar_PGP1,Neuron,Male,Adult,ENCSR312RZV,ENCLB424ORZ,ENCBS369AAA,ENCFF993DXL,1,1,NA,No,No,NA,NA,NA,NA,NA,NA,NA,NA
3,DifferentiatedCells,NeuronBipolar_PGP1,Neuron,Male,Adult,ENCSR312RZV,ENCLB284XFC,ENCBS374AAA,ENCFF584KCO,2,1,NA,No,No,NA,NA,NA,NA,NA,NA,NA,NA
4,DifferentiatedCells,Chondrocyte_H9,Chondrocyte,Female,Embryo,ENCSR153MHB,ENCLB689NVY,ENCBS434FZQ,ENCFF156WYO,1,1,ENC4_209,No,Yes,NA,NA,NA,NA,NA,ENCSR774MGO,ENCLB492DNB,Waiting
4,DifferentiatedCells,Chondrocyte_H9,Chondrocyte,Female,Embryo,ENCSR153MHB,ENCLB183FIS,ENCBS524YKH,ENCFF596SHW,2,1,ENC4_210,No,Yes,NA,NA,NA,NA,NA,ENCSR774MGO,ENCLB706JRN,Waiting
4,DifferentiatedCells,Chondrocyte_H9,Chondrocyte,Female,Embryo,ENCSR153MHB,ENCLB671JIW,ENCBS668AFC,ENCFF045TDA,3,1,ENC4_211,No,Yes,NA,NA,NA,NA,NA,ENCSR774MGO,ENCLB641ESO,Waiting
4,DifferentiatedCells,Endothelial_PGP1,Endothelial,Male,Adult,ENCSR503DWS,ENCLB059PXL,ENCBS239VAD,ENCFF576ASU,1,1,ENC4_99,Yes,Yes,ENCSR148IIG,ENCLB047SNQ,ENCFF588NYS,ENCFF610AYK,ENCFF100RGC,ENCSR429EGC,ENCLB550VNE,Waiting
4,DifferentiatedCells,Endothelial_PGP1,Endothelial,Male,Adult,ENCSR503DWS,ENCLB724MMK,ENCBS239VAD,ENC4_100,1,2,ENC4_100,Yes,Yes,ENCSR148IIG,ENCLB134MKV,ENCFF759CJE,ENCFF544UQO,ENCFF927MKK,ENCSR429EGC,ENCLB745EGG,Waiting
4,DifferentiatedCells,Epicardium_H9,Heart,Female,Embryo,ENCSR341PLF,ENCLB469MEY,ENCBS813HJL,ENCFF820WYV,1,1,ENC4_212,No,Yes,NA,NA,NA,NA,NA,ENCSR168PXI,ENCLB556TQU,Waiting
4,DifferentiatedCells,NeuronExcitatory_PGP1,Neuron,Male,Adult,ENCSR425WZE,ENCLB155EAK,ENCBS932EVS,ENCFF588XBZ,1,1,ENC4_97,Yes,Yes,NA,NA,NA,NA,NA,ENCSR168PXI,ENCLB657TWS,Waiting
4,DifferentiatedCells,NeuronExcitatory_PGP1,Neuron,Male,Adult,ENCSR425WZE,ENCLB403WPE,ENCBS932EVS,ENC4_98,1,2,ENC4_98,Yes,Yes,NA,NA,NA,NA,NA,ENCSR168PXI,ENCLB076XKH,Waiting
3,DifferentiatedCells,Hepatocyte_H9,Hepatocyte,Female,Embryo,ENCSR616TOP,ENCLB659RPC,ENCBS520VFV,ENCFF971DKB,1,1,NA,No,Yes,NA,NA,NA,NA,NA,ENCSR908ZAS,ENCLB670RJP,ENCFF491FPY
3,DifferentiatedCells,Hepatocyte_H9,Hepatocyte,Female,Embryo,ENCSR616TOP,ENCLB551CDW,ENCBS077RUJ,ENCFF544EMI,2,1,NA,No,Yes,NA,NA,NA,NA,NA,ENCSR908ZAS,ENCLB615ALX,ENCFF072XSA
3,DifferentiatedCells,Myocyte_LHCNM2,Myocyte,Male,Adult,ENCSR439LGW,ENCLB737KBR,ENCBS575BSN,ENCFF042BAS,1,1,NA,No,No,NA,NA,NA,NA,NA,NA,NA,NA
3,DifferentiatedCells,Myocyte_LHCNM2,Myocyte,Male,Adult,ENCSR439LGW,ENCLB991PNX,ENCBS986HXG,ENCFF317BBO,2,1,NA,No,No,NA,NA,NA,NA,NA,NA,NA,NA
4,DifferentiatedCells,NeuralCrest_H9,NeuralProg,Female,Embryo,ENCSR008VSP,ENCLB015QZI,ENCBS200JOD,ENCFF495VKU,1,1,ENC4_118,Yes,Yes,ENCSR056MYH,ENCLB735IIF,ENCFF700KVM,ENCFF123SOB,ENCFF319JFG,ENCSR761SHI,ENCLB138KTX,Waiting
4,DifferentiatedCells,NeuralCrest_H9,NeuralProg,Female,Embryo,ENCSR008VSP,ENCLB178PGI,ENCBS417JEU,ENCFF376TSX,2,1,ENC4_119,Yes,Yes,ENCSR056MYH,ENCLB354MHL,ENCFF286KOH,ENCFF313WGU,ENCFF901XCR,ENCSR761SHI,ENCLB720IKF,Waiting
3,DifferentiatedCells,NeuralProgenitor_H9,NeuralProg,Female,Embryo,ENCSR511YYU,ENCLB698QQX,ENCBS018TPT,ENCFF123PWO,1,1,NA,No,Yes,NA,NA,NA,NA,NA,ENCSR244ISQ,ENCLB160QNF,ENCFF663ARH
3,DifferentiatedCells,NeuralProgenitor_H9,NeuralProg,Female,Embryo,ENCSR511YYU,ENCLB803VTA,ENCBS044KWE,ENCFF723WVP,2,1,NA,No,Yes,NA,NA,NA,NA,NA,ENCSR244ISQ,ENCLB278PIS,ENCFF672VVX
4,DifferentiatedCells,Osteocyte_H9,Osteocyte,Female,Embryo,ENCSR009LCI,ENCLB615SYZ,ENCBS572IFJ,ENCFF118WQY,1,1,ENC4_121,Yes,Yes,ENCSR296PQZ,ENCLB771EIE,Waiting,Waiting,Waiting,ENCSR413QAL,ENCLB499EXW,Waiting
4,DifferentiatedCells,PancreasProgenitor_H9,PancreasProg,Female,Embryo,ENCSR931OFX,ENCLB602WDZ,ENCBS832MSN,ENCFF243NHM,1,1,ENC4_114,Yes,Yes,ENCSR530BOC,ENCLB671SMF,ENCFF057RHY,ENCFF161YNH,ENCFF803KIA,ENCSR733JBX,ENCLB005POE,Waiting
3,DifferentiatedCells,Muscle_SmoothH9,Muscle,Female,Embryo,ENCSR155LSV,ENCLB523NXK,ENCBS780PCJ,ENCFF076HOW,1,1,NA,No,Yes,NA,NA,NA,NA,NA,ENCSR052FJA,ENCLB113QPT,ENCFF999IFO
3,DifferentiatedCells,Muscle_SmoothH9,Muscle,Female,Embryo,ENCSR155LSV,ENCLB282TQM,ENCBS899TTJ,ENCFF686YKV,2,1,NA,No,Yes,NA,NA,NA,NA,NA,ENCSR052FJA,ENCLB391HFM,ENCFF401KXP
4,DifferentiatedCells,PancreasB_H9,PancreasB,Female,Embryo,ENCSR630APF,ENCLB498OYJ,ENCBS779FCS,ENCFF813YRI,1,1,ENC4_116,Yes,Yes,ENCSR130CIK,ENCLB292ISL,ENCFF571UDD,ENCFF295AYL,ENCFF058HQU,ENCSR352JCY,ENCLB333UYH,Waiting
4,DifferentiatedCells,PancreasB_H9,PancreasB,Female,Embryo,ENCSR630APF,ENCLB307NUY,ENCBS251SEQ,ENCFF766VLD,2,1,ENC4_117,Yes,Yes,ENCSR130CIK,ENCLB356CMQ,ENCFF091PVR,ENCFF730TGK,ENCFF973OML,ENCSR352JCY,ENCLB992YEW,Waiting